ReferenceValueQtyFootprintDatasheetDescription#ConsignedLCSCPartIdShip from Helmut
AE1Antenna_Chip1hlord2000-RF_Antenna:Ignion_NN02-101Ceramic chip antenna with pin for PCB trace100700079
BT1CR20321nRF54L15_Battery:BatteryHolder_Multicomp_BC-2001_1x2032Single-cell battery100500047
C12.2uF1Capacitor_SMD:C_0201_0603MetricUnpolarized capacitor, small symbol100200660
C22.2uF1Capacitor_SMD:C_0201_0603MetricUnpolarized capacitor, small symbol100200660
C3100nF1Capacitor_SMD:C_0201_0603MetricUnpolarized capacitor, small symbol100200469
C4100nF1Capacitor_SMD:C_0201_0603MetricUnpolarized capacitor, small symbol100200469
C53.9pF1Capacitor_SMD:C_0201_0603MetricUnpolarized capacitor, small symbol100200424
C61.2pF1Capacitor_SMD:C_0201_0603MetricUnpolarized capacitor, small symbol100200086
C8100nF1Capacitor_SMD:C_0201_0603MetricUnpolarized capacitor, small symbol100200469
C91.2pF1Capacitor_SMD:C_0201_0603MetricUnpolarized capacitor, small symbol100200086
C1010uF1Capacitor_SMD:C_0402_1005MetricUnpolarized capacitor, small symbol100200383
C11100nF1Capacitor_SMD:C_0201_0603MetricUnpolarized capacitor, small symbol100200469
C1210nF1Capacitor_SMD:C_0201_0603MetricUnpolarized capacitor, small symbol100200491
C150.22uF1Capacitor_SMD:C_0201_0603MetricUnpolarized capacitor, small symbol100200487
C16100nF1Capacitor_SMD:C_0201_0603MetricUnpolarized capacitor, small symbol100200469
C17100nF1Capacitor_SMD:C_0201_0603MetricUnpolarized capacitor, small symbol100200469
C202.2uF1Capacitor_SMD:C_0201_0603MetricUnpolarized capacitor, small symbol100200660
D1LB Q39E1LED_SMD:LED_0603_1608MetricLight emitting diode, small symbol101400142
FB1100R1Capacitor_SMD:C_0201_0603MetricFerrite bead, small symbol100300419
JP2Jumper_2_Small_Bridged1Resistor_SMD:R_0402_1005MetricJumper, 2-pole, small symbol, bridged100100109
JP3Jumper_2_Small_Bridged1Resistor_SMD:R_0402_1005MetricJumper, 2-pole, small symbol, bridged100100109
L14.7uH1Inductor_SMD:L_0402_1005MetricInductor, small symbol100300441
L23.6nH1Inductor_SMD:L_0201_0603MetricInductor, small symbol100300223
L34.7nH1Inductor_SMD:L_0201_0603MetricInductor, small symbol100300231
L42nH1Inductor_SMD:L_0201_0603MetricInductor, small symbol100300016
L64.7nH1Inductor_SMD:L_0201_0603MetricInductor, small symbol100300231
L710nH1Inductor_SMD:L_0201_0603MetricInductor, small symbol100300242
L184.7nH1Inductor_SMD:L_0201_0603MetricInductor, small symbol100300231
MK1MP34DT05-A1hlord2000-Sensor_Audio:ST_HCLGA-4_3x4mm_P1.35mmDigital MEMS Microphone, LGA-5MP34DT05-A
Q1Q_NMOS_GSD1Package_DFN_QFN:Diodes_DFN1006-3N-MOSFET transistor, gate/source/drain101300187
R11kR1Resistor_SMD:R_0402_1005MetricResistor, small US symbol100100171
R210kR1Resistor_SMD:R_0201_0603MetricResistor, small US symbol100100065
R310kR1Resistor_SMD:R_0201_0603MetricResistor, small US symbol100100065
R41MR1Resistor_SMD:R_0402_1005MetricResistor, small US symbol100100265
SW1SW_Push1Button_Switch_SMD:SW_Push_1P1T_NO_Vertical_Wuerth_434133025816Push button switch, generic, two pins101500104
U1nRF54L15-CAXX1PCM_nordic-lib-kicad-nrf54l:BGA-47_7x7_2.451x2.245mmnRF54L Dual Core Multiprotocol BLE SoC102000283
U2SiP32432DR31Package_TO_SOT_SMD:SOT-363_SC-70-610 pA, Ultra Low Leakage and Quiescent Current, Load Switch with Reverse Blocking, Low Enable, SC-70-6SiP32432DR3
U3ADXL3661hlord2000-Sensor_Motion:Analog_LGA-12_2.20x2.30mm_P0.5mmMicropower 3-Axis Accelerometer, 2/4/8g range, SPI, LGA-12ADXL366
Y132.768kHz1hlord2000-Crystal:Crystal_SMD_1210-2Pin_1.2x1.0mmTwo pin crystal, small symbolECS-.327-9-1210-TR 
Y2SiT111001hlord2000-Oscillator:Oscillator_SMD_SiTime_SiT11100-4Pin_0.46x0.46mmFour pin crystal, GND on pins 2 and 3, small symbolSiT11100
