Ref,Val,Package,PosX,PosY,Rot,Side
"0BT1","CR2032","BatteryHolder_Multicomp_BC-2001_1x2032",25.020801,-25.020815,-135.000000,bottom
"1BT1","CR2032","BatteryHolder_Multicomp_BC-2001_1x2032",57.769522,-25.020815,-135.000000,bottom
"2BT1","CR2032","BatteryHolder_Multicomp_BC-2001_1x2032",90.518243,-25.020815,-135.000000,bottom
"3BT1","CR2032","BatteryHolder_Multicomp_BC-2001_1x2032",25.020801,-57.769552,-135.000000,bottom
"4BT1","CR2032","BatteryHolder_Multicomp_BC-2001_1x2032",57.769522,-57.769552,-135.000000,bottom
"5BT1","CR2032","BatteryHolder_Multicomp_BC-2001_1x2032",90.518243,-57.769552,-135.000000,bottom
"6BT1","CR2032","BatteryHolder_Multicomp_BC-2001_1x2032",25.020801,-90.518289,-135.000000,bottom
"7BT1","CR2032","BatteryHolder_Multicomp_BC-2001_1x2032",57.769522,-90.518289,-135.000000,bottom
"8BT1","CR2032","BatteryHolder_Multicomp_BC-2001_1x2032",90.518243,-90.518289,-135.000000,bottom
"KiKit_FID_B_1","Fiducial","Fiducial",5.000000,-5.000000,180.000000,bottom
"KiKit_FID_B_2","Fiducial","Fiducial",111.246161,-5.000000,180.000000,bottom
"KiKit_FID_B_3","Fiducial","Fiducial",5.000000,-111.246211,180.000000,bottom
