Reference,Value,Qty,Footprint,Description,PartId
AE1,Antenna_Chip,1,hlord2000-RF_Antenna:Ignion_NN02-101,Ceramic chip antenna with pin for PCB trace,100700079
BT1,CR2032,1,nRF54L15_Battery:BatteryHolder_Multicomp_BC-2001_1x2032,Single-cell battery,100500047
C1,2.2uF,1,Capacitor_SMD:C_0201_0603Metric,"Unpolarized capacitor, small symbol",100200660
C2,2.2uF,1,Capacitor_SMD:C_0201_0603Metric,"Unpolarized capacitor, small symbol",100200660
C3,100nF,1,Capacitor_SMD:C_0201_0603Metric,"Unpolarized capacitor, small symbol",100200469
C4,100nF,1,Capacitor_SMD:C_0201_0603Metric,"Unpolarized capacitor, small symbol",100200469
C5,3.9pF,1,Capacitor_SMD:C_0201_0603Metric,"Unpolarized capacitor, small symbol",100200424
C6,1.2pF,1,Capacitor_SMD:C_0201_0603Metric,"Unpolarized capacitor, small symbol",100200086
C8,100nF,1,Capacitor_SMD:C_0201_0603Metric,"Unpolarized capacitor, small symbol",100200469
C9,1.2pF,1,Capacitor_SMD:C_0201_0603Metric,"Unpolarized capacitor, small symbol",100200086
C10,10uF,1,Capacitor_SMD:C_0402_1005Metric,"Unpolarized capacitor, small symbol",100200383
C11,100nF,1,Capacitor_SMD:C_0201_0603Metric,"Unpolarized capacitor, small symbol",100200469
C12,10nF,1,Capacitor_SMD:C_0201_0603Metric,"Unpolarized capacitor, small symbol",100200491
C15,0.22uF,1,Capacitor_SMD:C_0201_0603Metric,"Unpolarized capacitor, small symbol",100200487
C16,100nF,1,Capacitor_SMD:C_0201_0603Metric,"Unpolarized capacitor, small symbol",100200469
C17,100nF,1,Capacitor_SMD:C_0201_0603Metric,"Unpolarized capacitor, small symbol",100200469
C20,2.2uF,1,Capacitor_SMD:C_0201_0603Metric,"Unpolarized capacitor, small symbol",100200660
D1,LB Q39E,1,LED_SMD:LED_0603_1608Metric,"Light emitting diode, small symbol",101400142
FB1,100R,1,Capacitor_SMD:C_0201_0603Metric,"Ferrite bead, small symbol",100300419
JP2,Jumper_2_Small_Bridged,1,Resistor_SMD:R_0402_1005Metric,"Jumper, 2-pole, small symbol, bridged",100100109
JP3,Jumper_2_Small_Bridged,1,Resistor_SMD:R_0402_1005Metric,"Jumper, 2-pole, small symbol, bridged",100100109
L1,4.7uH,1,Inductor_SMD:L_0402_1005Metric,"Inductor, small symbol",100300441
L2,3.6nH,1,Inductor_SMD:L_0201_0603Metric,"Inductor, small symbol",100300223
L3,4.7nH,1,Inductor_SMD:L_0201_0603Metric,"Inductor, small symbol",100300231
L4,2nH,1,Inductor_SMD:L_0201_0603Metric,"Inductor, small symbol",100300016
L6,4.7nH,1,Inductor_SMD:L_0201_0603Metric,"Inductor, small symbol",100300231
L7,10nH,1,Inductor_SMD:L_0201_0603Metric,"Inductor, small symbol",100300242
L18,4.7nH,1,Inductor_SMD:L_0201_0603Metric,"Inductor, small symbol",100300231
MK1,MP34DT05-A,1,hlord2000-Sensor_Audio:ST_HCLGA-4_3x4mm_P1.35mm,"Digital MEMS Microphone, LGA-5",MP34DT05-A
Q1,Q_NMOS_GSD,1,Package_DFN_QFN:Diodes_DFN1006-3,"N-MOSFET transistor, gate/source/drain",101300187
R1,1kR,1,Resistor_SMD:R_0402_1005Metric,"Resistor, small US symbol",100100171
R2,10kR,1,Resistor_SMD:R_0201_0603Metric,"Resistor, small US symbol",100100065
R3,10kR,1,Resistor_SMD:R_0201_0603Metric,"Resistor, small US symbol",100100065
R4,1MR,1,Resistor_SMD:R_0402_1005Metric,"Resistor, small US symbol",100100265
SW1,SW_Push,1,Button_Switch_SMD:SW_Push_1P1T_NO_Vertical_Wuerth_434133025816,"Push button switch, generic, two pins",101500104
U1,nRF54L15-CAXX,1,PCM_nordic-lib-kicad-nrf54l:BGA-47_7x7_2.451x2.245mm,nRF54L Dual Core Multiprotocol BLE SoC,102000283
U2,SiP32432DR3,1,Package_TO_SOT_SMD:SOT-363_SC-70-6,"10 pA, Ultra Low Leakage and Quiescent Current, Load Switch with Reverse Blocking, Low Enable, SC-70-6",SiP32432DR3
U3,ADXL366,1,hlord2000-Sensor_Motion:Analog_LGA-12_2.20x2.30mm_P0.5mm,"Micropower 3-Axis Accelerometer, 2/4/8g range, SPI, LGA-12",ADXL366
Y1,32.768kHz,1,hlord2000-Crystal:Crystal_SMD_1210-2Pin_1.2x1.0mm,"Two pin crystal, small symbol",ECS-.327-9-1210-TR 
Y2,SiT11100,1,hlord2000-Oscillator:Oscillator_SMD_SiTime_SiT11100-4Pin_0.46x0.46mm,"Four pin crystal, GND on pins 2 and 3, small symbol",SiT11100
