#,Reference,Value,Footprint,Qty,PartId,Notes,Ship from Helmut,Digi-Key Link
1,Y2,SiT11100,hlord2000-Oscillator:Oscillator_SMD_SiTime_SiT11100-4Pin_0.46x0.46mm,1,SiT11100 (N/A),,Y,
2,U2,SiP32432DR3,Package_TO_SOT_SMD:SOT-363_SC-70-6,1,SiP32432DR3 (N/A),Substitutes accepted,,https://www.digikey.com/en/products/detail/vishay-siliconix/SIP32432DR3-T1GE3/10071711?s=N4IgTCBcDaIMoEsAKBmMAWNARASikAugL5A
3,MK1,MP34DT05-A,hlord2000-Sensor_Audio:ST_HCLGA-4_3x4mm_P1.35mm,1,MP34DT05-A (N/A),,,https://www.digikey.com/en/products/detail/stmicroelectronics/MP34DT05TR-A/7385251
4,Y1,32.768kHz,hlord2000-Crystal:Crystal_SMD_1210-2Pin_1.2x1.0mm,1,ECS-.327-9-1210-TR (N/A),,,https://www.digikey.com/en/products/detail/ecs-inc/ECS-327-9-1210-TR/6821603
5,U3,ADXL366,hlord2000-Sensor_Motion:Analog_LGA-12_2.20x2.30mm_P0.5mm,1,ADXL366 (N/A),,Y,
6,U1,nRF54L15-CAXX,nordic-lib-kicad-nrf54:BGA-47_7x7_2.451x2.245mm,1,102000283,Currently sized for Rev. A silicon body size,,
7,SW1,SW_Push,Button_Switch_SMD:SW_Push_1P1T_NO_Vertical_Wuerth_434133025816,1,101500104,,,
8,D1,LB Q39E,LED_SMD:LED_0603_1608Metric,1,101400142,,,
9,Q1,Q_NMOS_GSD,Package_DFN_QFN:Diodes_DFN1006-3,1,101300187,,,
10,AE1,Antenna_Chip,hlord2000-RF_Antenna:Ignion_NN02-101,1,100700079,,Y/optional,
11,BT1,CR2032,nRF54L15_Battery:BatteryHolder_Multicomp_BC-2001_1x2032,1,100500047,,,
12,L1,4.7uH,Inductor_SMD:L_0402_1005Metric,1,100300441,,,
13,FB1,100R,Capacitor_SMD:C_0201_0603Metric,1,100300419,,,
14,L7,10nH,Capacitor_SMD:C_0201_0603Metric,1,100300242,,,
15,L6,4.9nH,Capacitor_SMD:C_0201_0603Metric,1,100300233,,,
16,L18,4.7nH,Capacitor_SMD:C_0201_0603Metric,1,100300231,,,
17,L3,4.7nH,Inductor_SMD:L_0201_0603Metric,1,100300231,,,
18,L2,3.6nH,Inductor_SMD:L_0201_0603Metric,1,100300223,,,
19,L4,2nH,Inductor_SMD:L_0201_0603Metric,1,100300016,,,
20,"C1,C2,C20",2.2uF,Capacitor_SMD:C_0201_0603Metric,3,100200660,,,
21,C12,10nF,Capacitor_SMD:C_0201_0603Metric,1,100200491,,,
22,C15,0.22uF,Capacitor_SMD:C_0201_0603Metric,1,100200487,,,
23,"C3,C4,C8,C11,C16,C17",100nF,Capacitor_SMD:C_0201_0603Metric,6,100200469,,,
24,C10,10uF,Capacitor_SMD:C_0402_1005Metric,1,100200383,,,
25,C5,3.9pF,Capacitor_SMD:C_0201_0603Metric,1,100200092,,,
26,"C6,C9",1.2pF,Capacitor_SMD:C_0201_0603Metric,2,100200086,,,
27,R4,1MR,Resistor_SMD:R_0402_1005Metric,1,100100265,,,
28,R1,1kR,Resistor_SMD:R_0402_1005Metric,1,100100171,,,
29,"JP2,JP3",Jumper_2_Small_Bridged,Resistor_SMD:R_0402_1005Metric,2,100100109,,,
30,"R2,R3",10kR,Resistor_SMD:R_0201_0603Metric,2,100100065,,,
