﻿Designator,Quantity,Value,Footprint,Package,MPN,DNP,Mount_Type,Description,Consigned,LCSC
AE1,1,Antenna_Chip,Ignion_NN02-101,,,,smt,Ceramic chip antenna with pin for PCB trace,Y,
BT1,1,CR2032,BatteryHolder_Multicomp_BC-2001_1x2032,,,,smt,Single-cell battery,,C964829
"C1, C19, C2, C20, C7",5,2.2uF,C_0201_0603Metric,,,,smt,"Unpolarized capacitor, small symbol",,
"C10, C3",2,10uF,C_0201_0603Metric,,,,smt,"Unpolarized capacitor, small symbol",,
"C11, C16, C17, C8",4,100nF,C_0201_0603Metric,,,,smt,"Unpolarized capacitor, small symbol",,
C12,1,10nF,C_0201_0603Metric,,,,smt,"Unpolarized capacitor, small symbol",,
C13,1,10uF,C_0402_1005Metric,,,,smt,"Unpolarized capacitor, small symbol",,
"C14, C4",2,1nF,C_0201_0603Metric,,,,smt,"Unpolarized capacitor, small symbol",,
C15,1,200nF,C_0201_0603Metric,,,,smt,"Unpolarized capacitor, small symbol",,
C18,1,NA,C_0201_0603Metric,,,,smt,"Unpolarized capacitor, small symbol",,
C5,1,3.9pF,C_0201_0603Metric,,,,smt,"Unpolarized capacitor, small symbol",,
"C6, C9",2,1.2pF,C_0201_0603Metric,,,,smt,"Unpolarized capacitor, small symbol",,
D1,1,APT3216LVBC/D,LED_1206_3216Metric,,,,smt,"Light emitting diode, small symbol",,
FB1,1,100R,C_0201_0603Metric,,,,smt,"Ferrite bead, small symbol",,
JP1,1,Jumper_2_Small_Bridged,SolderJumper-2_P1.3mm_Bridged_RoundedPad1.0x1.5mm,,,,tht,"Jumper, 2-pole, small symbol, bridged",,
L1,1,4.7uH,L_0402_1005Metric,,,,smt,"Inductor, small symbol",,
L2,1,3.6nH,L_0201_0603Metric,,,,smt,"Inductor, small symbol",,
L3,1,4.6nH,L_0201_0603Metric,,,,smt,"Inductor, small symbol",,
L4,1,2nH,L_0201_0603Metric,,,,smt,"Inductor, small symbol",,
L5,1,2.2uH,L_0402_1005Metric,,,,smt,"Inductor, small symbol",,
"L6, L7",2,NA,L_0201_0603Metric,,,,smt,"Inductor, small symbol",,
MK1,1,MP34DT05-A,ST_HCLGA-4_3x4mm_P1.35mm,,,,smt,"Digital MEMS Microphone, LGA-5",,
Q1,1,Q_NMOS_GSD,Diodes_DFN1006-3,,,,smt,"N-MOSFET transistor, gate/source/drain",,
R1,1,350R,R_0402_1005Metric,,,,smt,"Resistor, small US symbol",,
"R2, R3",2,10kR,R_0201_0603Metric,,,,smt,"Resistor, small US symbol",,
R4,1,1MR,R_0402_1005Metric,,,,smt,"Resistor, small US symbol",,
SW1,1,SW_Push,SW_Push_1P1T_NO_Vertical_Wuerth_434133025816,,,,smt,"Push button switch, generic, two pins",,
"TP1, TP2",2,TestPoint,TestPoint_Pad_D1.0mm,,,,tht,test point,,
U1,1,nRF54L15-CAXX,BGA-49_7x7_2.3984x2.2309mm,,,,smt,nRF54L Dual Core Multiprotocol BLE SoC,Y,
U2,1,nPM2100-CAXX,BGA-16_4x4_1.9175x1.8975mm,,,,smt,,Y,
U3,1,ADXL366,Analog_LGA-12_2.20x2.30mm_P0.5mm,,,,smt,"Micropower 3-Axis Accelerometer, 2/4/8g range, SPI, LGA-12",Y,
Y1,1,32.768kHz,Crystal_SMD_1210-2Pin_1.2x1.0mm,,,,smt,"Two pin crystal, small symbol",,
Y2,1,SiT11100,Oscillator_SMD_SiTime_SiT11100-4Pin_0.46x0.46mm,,,,smt,"Four pin crystal, GND on pins 2 and 3, small symbol",Y,
