﻿pos_x,pos_y,rotation,side,designator,mpn,pack,footprint,value,mount_type
188.78,-69.8,180.0,top,AE1,,,Ignion_NN02-101,Antenna_Chip,smt
190.0,-55.0,180.0,bottom,BT1,,,BatteryHolder_Multicomp_BC-2001_1x2032,CR2032,smt
189.13,-59.9938,90.0,top,C1,,,C_0201_0603Metric,2.2uF,smt
190.18,-58.1138,180.0,top,C10,,,C_0201_0603Metric,10uF,smt
190.18,-58.8138,180.0,top,C11,,,C_0201_0603Metric,100nF,smt
188.43,-61.3838,-90.0,top,C12,,,C_0201_0603Metric,10nF,smt
186.87,-61.1838,-90.0,top,C13,,,C_0402_1005Metric,10uF,smt
187.09,-62.43,0.0,top,C14,,,C_0201_0603Metric,1nF,smt
196.296274,-48.856274,-45.0,top,C15,,,C_0201_0603Metric,200nF,smt
195.31,-47.86,135.0,top,C16,,,C_0201_0603Metric,100nF,smt
193.26,-49.06,-135.0,top,C17,,,C_0201_0603Metric,100nF,smt
189.45,-67.04,90.0,top,C18,,,C_0201_0603Metric,NA,smt
185.645,-58.52,180.0,top,C19,,,C_0201_0603Metric,2.2uF,smt
187.73,-61.3838,-90.0,top,C2,,,C_0201_0603Metric,2.2uF,smt
185.88,-48.1,-45.0,top,C20,,,C_0201_0603Metric,2.2uF,smt
186.04,-62.1038,90.0,top,C3,,,C_0201_0603Metric,10uF,smt
187.81,-59.64,0.0,top,C4,,,C_0201_0603Metric,1nF,smt
189.13,-61.3938,-90.0,top,C5,,,C_0201_0603Metric,3.9pF,smt
190.51,-63.57,180.0,top,C6,,,C_0201_0603Metric,1.2pF,smt
186.76,-59.5038,90.0,top,C7,,,C_0201_0603Metric,2.2uF,smt
192.41,-60.67,90.0,top,C8,,,C_0201_0603Metric,100nF,smt
190.51,-65.37,180.0,top,C9,,,C_0201_0603Metric,1.2pF,smt
190.0,-50.0,0.0,top,D1,,,LED_1206_3216Metric,APT3216LVBC/D,smt
188.08,-60.3138,0.0,top,FB1,,,C_0201_0603Metric,100R,smt
188.55,-58.8238,0.0,top,L1,,,L_0402_1005Metric,4.7uH,smt
190.83,-62.67,-90.0,top,L2,,,L_0201_0603Metric,3.6nH,smt
190.83,-64.47,-90.0,top,L3,,,L_0201_0603Metric,4.6nH,smt
190.83,-66.27,-90.0,top,L4,,,L_0201_0603Metric,2nH,smt
184.69,-61.8738,0.0,top,L5,,,L_0402_1005Metric,2.2uH,smt
190.51,-67.36,180.0,top,L6,,,L_0201_0603Metric,NA,smt
188.4,-67.36,180.0,top,L7,,,L_0201_0603Metric,NA,smt
184.0,-49.952144,-45.0,top,MK1,,,ST_HCLGA-4_3x4mm_P1.35mm,MP34DT05-A,smt
185.85,-52.0,90.0,top,Q1,,,Diodes_DFN1006-3,Q_NMOS_GSD,smt
187.0,-52.0,-90.0,top,R1,,,R_0402_1005Metric,350R,smt
183.89,-58.17,-90.0,top,R2,,,R_0201_0603Metric,10kR,smt
184.59,-58.17,-90.0,top,R3,,,R_0201_0603Metric,10kR,smt
184.07,-53.32,180.0,top,R4,,,R_0402_1005Metric,1MR,smt
190.0,-55.0,0.0,top,SW1,,,SW_Push_1P1T_NO_Vertical_Wuerth_434133025816,SW_Push,smt
190.83,-60.6138,90.0,top,U1,,,BGA-49_7x7_2.3984x2.2309mm,nRF54L15-CAXX,smt
185.14,-60.1288,-90.0,top,U2,,,BGA-16_4x4_1.9175x1.8975mm,nPM2100-CAXX,smt
195.0,-50.0,45.0,top,U3,,,Analog_LGA-12_2.20x2.30mm_P0.5mm,ADXL366,smt
191.78,-58.3638,0.0,top,Y1,,,Crystal_SMD_1210-2Pin_1.2x1.0mm,32.768kHz,smt
188.78,-62.4938,90.0,top,Y2,,,Oscillator_SMD_SiTime_SiT11100-4Pin_0.46x0.46mm,SiT11100,smt
